{
  "todos": [
    {
      "title": "test",
      "id": 0.004702938546160551,
      "userId": 11,
      "completed": false
    },
    {
      "title": "add",
      "id": 0.3222296674581395,
      "userId": 11,
      "completed": false
    }
  ]
}